emoticon_smile,fbicons.png,0 -869
emoticon_frown,fbicons.png,0 -631
emoticon_tongue,fbicons.png,0 -767
emoticon_grin,fbicons.png,-17 -648
emoticon_gasp,fbicons.png,-17 -631
emoticon_wink,fbicons.png,-17 -784
emoticon_glasses,fbicons.png,0 -648
emoticon_sunglasses,fbicons.png,-17 -750
emoticon_grumpy,fbicons.png,0 -665
emoticon_unsure,fbicons.png,-17 -767
emoticon_cry,fbicons.png,0 -1107
emoticon_devil,fbicons.png,0 -988
emoticon_angel,fbicons.png,0 -1073
emoticon_kiss,fbicons.png,-17 -682
emoticon_heart,fbicons.png,-17 -665
emoticon_kiki,fbicons.png,0 -682
emoticon_squint,fbicons.png,0 -750
emoticon_confused,fbicons.png,0 -1090
emoticon_confused_rev,fbicons.png,-17 -1090
emoticon_upset,fbicons.png,0 -784
emoticon_pacman,fbicons.png,0 -699
emoticon_robot,fbicons.png,-16 -2195
emoticon_colonthree,fbicons.png,-17 -1073
emoticon_penguin,fbicons.png,-17 -699
emoticon_putnam,fbicons.png,-17 -716
emoticon_shark,fbicons.png,0 -733
emoticon_like,fbicons.png,0 -125
emoticon_poop,fbicons.png,0 -716
_2b_,fbicons.png,0 -1396
_2c0,fbicons.png,-17 -1396
_2c1,fbicons.png,0 -1413
_2c2,fbicons.png,-17 -1413
_2c3,fbicons.png,0 -1430
_2c4,fbicons.png,-17 -1430
_2c5,fbicons.png,0 -1447
_2c6,fbicons.png,-17 -1447
_2c7,fbicons.png,0 -1464
_2c8,fbicons.png,-17 -1464
_2c9,fbicons.png,0 -1481
_2ca,fbicons.png,-17 -1481
_2cb,fbicons.png,0 -1498
_2cc,fbicons.png,-17 -1498
_2cd,fbicons.png,0 -1651
_2ce,fbicons.png,-17 -1515
_2cf,fbicons.png,0 -1532
_2cg,fbicons.png,-17 -1532
_2ch,fbicons.png,0 -1549
_2ci,fbicons.png,-17 -1549
_2cj,fbicons.png,0 -1566
_2ck,fbicons.png,-17 -1566
_2cl,fbicons.png,0 -1583
_2cm,fbicons.png,-17 -1583
_2cn,fbicons.png,0 -1600
_2co,fbicons.png,-17 -1600
_2cp,fbicons.png,0 -1617
_2cq,fbicons.png,-17 -1617
_2cr,fbicons.png,0 -1634
_2cs,fbicons.png,-17 -1634
_2ct,fbicons.png,0 -1515
_2cu,fbicons.png,0 -1124
_2cv,fbicons.png,-17 -1124
_2cw,fbicons.png,0 -1141
_2cx,fbicons.png,-17 -1141
_2cy,fbicons.png,0 -1158
_2cz,fbicons.png,-17 -1158
_2c-,fbicons.png,0 -1175
_2c_,fbicons.png,-17 -1175
_2d0,fbicons.png,0 -1192
_2d1,fbicons.png,-17 -1192
_2d2,fbicons.png,0 -1209
_2d3,fbicons.png,-17 -1209
_2d4,fbicons.png,0 -1226
_2d5,fbicons.png,-17 -1226
_2d6,fbicons.png,0 -1379
_2d7,fbicons.png,-17 -1243
_2d8,fbicons.png,0 -1260
_2d9,fbicons.png,-17 -1260
_2da,fbicons.png,0 -1277
_2db,fbicons.png,-17 -1277
_2dc,fbicons.png,0 -1294
_2dd,fbicons.png,-17 -1294
_2de,fbicons.png,0 -1311
_2df,fbicons.png,-17 -1311
_2dg,fbicons.png,0 -1328
_2dh,fbicons.png,0 -1685
_2di,fbicons.png,0 -1345
_2dj,fbicons.png,-17 -1345
_2dk,fbicons.png,0 -1362
_2dl,fbicons.png,-17 -1362
_2dm,fbicons.png,0 -1243
_2dn,fbicons.png,0 -1923
_2do,fbicons.png,-17 -1923
_2dp,fbicons.png,0 -1940
_2dq,fbicons.png,-17 -1940
_491,fbicons.png,0 -1957
_2dr,fbicons.png,-17 -1957
_2ds,fbicons.png,0 -1974
_2dt,fbicons.png,-17 -1974
_2du,fbicons.png,0 -1991
_2dv,fbicons.png,-17 -1991
_2dw,fbicons.png,0 -2008
_2dx,fbicons.png,0 -2093
_2dy,fbicons.png,0 -2025
_2dz,fbicons.png,-17 -2025
_2d-,fbicons.png,0 -2042
_2d_,fbicons.png,-17 -2042
_2e0,fbicons.png,0 -2127
_2e1,fbicons.png,-17 -2178
_2e2,fbicons.png,0 -2144
_2e3,fbicons.png,-17 -2144
_2e4,fbicons.png,0 -2161
_2e5,fbicons.png,-17 -2161
_2e6,fbicons.png,0 -2178
_2e7,fbicons.png,-17 -2110
_2e8,fbicons.png,0 -2110
_2e9,fbicons.png,-17 -2093
_2ea,fbicons.png,-17 -2127
_2eb,fbicons.png,-17 -2076
_2ec,fbicons.png,0 -2076
_2ed,fbicons.png,-17 -2059
_2ee,fbicons.png,0 -2059
_2ef,fbicons.png,-17 -1770
_2eg,fbicons.png,-17 -1651
_2eh,fbicons.png,0 -1668
_2ei,fbicons.png,-17 -1668
_2ej,fbicons.png,-17 -2008
_2ek,fbicons.png,-17 -1685
_2el,fbicons.png,0 -1702
_2em,fbicons.png,-17 -1702
_2en,fbicons.png,0 -1719
_2eo,fbicons.png,-17 -1719
_2ep,fbicons.png,0 -1736
_2eq,fbicons.png,-17 -1736
_2er,fbicons.png,0 -1753
_2es,fbicons.png,-17 -1753
_2et,fbicons.png,0 -1770
_2eu,fbicons.png,-17 -1906
_2ev,fbicons.png,0 -1787
_2ew,fbicons.png,-17 -1787
_2ex,fbicons.png,0 -1804
_2ey,fbicons.png,-17 -1804
_2ez,fbicons.png,0 -1821
_2e-,fbicons.png,-17 -1821
_2e_,fbicons.png,0 -1838
_2f0,fbicons.png,-17 -1838
_2f1,fbicons.png,0 -1855
_2f2,fbicons.png,-17 -1855
_2f3,fbicons.png,0 -1872
_2f4,fbicons.png,-17 -1872
_2f5,fbicons.png,0 -1889
_2f6,fbicons.png,-17 -1889
_2f7,fbicons.png,0 -1906
_2f8,fbicons.png,-17 -733
_2f9,fbicons.png,-17 -376
_2fa,fbicons.png,0 -393
_2fb,fbicons.png,-17 -1328
_2fc,fbicons.png,-17 -393
_2fd,fbicons.png,0 -410
_2fe,fbicons.png,-17 -410
_2ff,fbicons.png,0 -427
_2fg,fbicons.png,-17 -427
_2fh,fbicons.png,0 -444
_2fi,fbicons.png,-17 -444
_2fj,fbicons.png,0 -461
_2fk,fbicons.png,-17 -461
_2fl,fbicons.png,0 -478
_2fm,fbicons.png,-17 -478
_2fn,fbicons.png,-17 -614
_2fo,fbicons.png,-17 -495
_2fp,fbicons.png,0 -512
_2fq,fbicons.png,-17 -512
_2fr,fbicons.png,0 -529
_492,fbicons.png,-17 -529
_2fs,fbicons.png,0 -546
_2ft,fbicons.png,-17 -546
_2fu,fbicons.png,0 -563
_2fv,fbicons.png,-17 -563
_2fw,fbicons.png,0 -580
_2fx,fbicons.png,-17 -580
_2fy,fbicons.png,0 -597
_2fz,fbicons.png,-17 -597
_2f-,fbicons.png,0 -614
_2f_,fbicons.png,0 -376
_2g0,fbicons.png,-17 -189
_2g1,fbicons.png,-17 -172
_2g2,fbicons.png,0 -206
_2g3,fbicons.png,-18 -125
_2g4,fbicons.png,0 -155
_2g5,fbicons.png,-17 -155
_2g6,fbicons.png,0 -189
_2g7,fbicons.png,-17 -206
_2g8,fbicons.png,0 -223
_2g9,fbicons.png,-17 -223
_2ga,fbicons.png,0 -240
_2gb,fbicons.png,-17 -240
_2gc,fbicons.png,0 -172
_2gd,fbicons.png,0 -257
_2ge,fbicons.png,-17 -257
_2gf,fbicons.png,0 -274
_2gg,fbicons.png,-17 -274
_2gh,fbicons.png,0 -291
_2gi,fbicons.png,-17 -291
_2gj,fbicons.png,0 -308
_2gk,fbicons.png,-17 -308
_2gl,fbicons.png,0 -325
_2gm,fbicons.png,-17 -325
_2gn,fbicons.png,0 -342
_2go,fbicons.png,-17 -342
_2gp,fbicons.png,0 -359
_2gq,fbicons.png,-17 -359
_2gr,fbicons.png,0 -495
_2gs,fbicons.png,-17 -869
_2gt,fbicons.png,0 -886
_2gu,fbicons.png,-17 -886
_2gv,fbicons.png,0 -903
_2gw,fbicons.png,-17 -903
_2gx,fbicons.png,0 -920
_2gy,fbicons.png,-17 -920
_2gz,fbicons.png,0 -937
_2g-,fbicons.png,-17 -937
_2g_,fbicons.png,0 -954
_2h0,fbicons.png,-17 -988
_2h1,fbicons.png,0 -1005
_2h2,fbicons.png,-17 -1005
_2h3,fbicons.png,0 -1022
_2h4,fbicons.png,-17 -1022
_2h5,fbicons.png,0 -1039
_2h6,fbicons.png,-17 -1039
_2h7,fbicons.png,-17 -954
_2h8,fbicons.png,0 -971
_2h9,fbicons.png,-17 -971
_2ha,fbicons.png,-17 -1107
_2hb,fbicons.png,0 -1056
_2hc,fbicons.png,-17 -1056
_4_o0,fbicons2.png,-18 -424
_4_o1,fbicons2.png,-35 -424
_4_o2,fbicons2.png,-52 -424
_4_o3,fbicons2.png,-69 -424
_4_o4,fbicons2.png,-86 -424
_4_o5,fbicons2.png,-103 -424
_4_o6,fbicons2.png,-120 -424
_4_o7,fbicons2.png,-137 -423
_4_o8,fbicons2.png,-154 -423
_4_o9,fbicons2.png,-171 -423
_4_oa,fbicons2.png,-188 -423
_4_ob,fbicons2.png,0 -441
_4_oc,fbicons2.png,-17 -441
_4_od,fbicons2.png,-34 -441
_4_oe,fbicons2.png,-51 -441
_4_of,fbicons2.png,-68 -441
_2b_,fbicons2.png,-85 -441
_2c0,fbicons2.png,-102 -441
_4_og,fbicons2.png,-119 -441
_4_oh,fbicons2.png,-136 -441
_4_oi,fbicons2.png,-153 -441
_4_oj,fbicons2.png,-170 -441
_4_ok,fbicons2.png,-187 -441
_4_ol,fbicons2.png,-204 -441
_2c1,fbicons2.png,-221 -441
_2c2,fbicons2.png,-238 -441
_2c3,fbicons2.png,-255 -441
_2c4,fbicons2.png,-272 -441
_2c5,fbicons2.png,-289 -441
_2c6,fbicons2.png,0 -458
_2c7,fbicons2.png,-17 -458
_2c8,fbicons2.png,-34 -458
_2c9,fbicons2.png,-51 -458
_2ca,fbicons2.png,-68 -458
_2cb,fbicons2.png,-85 -458
_2cc,fbicons2.png,-102 -458
_2cd,fbicons2.png,-119 -458
_2ce,fbicons2.png,-136 -458
_2cf,fbicons2.png,-153 -458
_2cg,fbicons2.png,-170 -458
_4_om,fbicons2.png,-187 -458
_4_on,fbicons2.png,-204 -458
_4_oo,fbicons2.png,-221 -458
_2ch,fbicons2.png,-238 -458
_2ci,fbicons2.png,-255 -458
_2cj,fbicons2.png,-272 -458
_2ck,fbicons2.png,-289 -458
_4_op,fbicons2.png,0 -475
_4_oq,fbicons2.png,-17 -475
_4_or,fbicons2.png,-34 -475
_4_os,fbicons2.png,-51 -475
_4_ot,fbicons2.png,-68 -475
_4_ou,fbicons2.png,-85 -475
_4_ov,fbicons2.png,-102 -475
_4_ow,fbicons2.png,-119 -475
_4_ox,fbicons2.png,-136 -475
_4_oy,fbicons2.png,-153 -475
_4_oz,fbicons2.png,-170 -475
_4_o-,fbicons2.png,-187 -475
_4_o_,fbicons2.png,-204 -475
_4_p0,fbicons2.png,-221 -475
_4_p1,fbicons2.png,-238 -475
_4_p2,fbicons2.png,-255 -475
_4_p3,fbicons2.png,-272 -475
_4_p4,fbicons2.png,-289 -475
_4_p5,fbicons2.png,0 -492
_4_p6,fbicons2.png,-17 -492
_2cl,fbicons2.png,-34 -492
_2cm,fbicons2.png,-51 -492
_4_p7,fbicons2.png,-68 -492
_4_p8,fbicons2.png,-85 -492
_2cn,fbicons2.png,-102 -492
_2co,fbicons2.png,-119 -492
_2cp,fbicons2.png,-136 -492
_2cq,fbicons2.png,-153 -492
_2cr,fbicons2.png,-170 -492
_2cs,fbicons2.png,-187 -492
_4_p9,fbicons2.png,-204 -492
_2ct,fbicons2.png,-221 -492
_2cu,fbicons2.png,-238 -492
_2cv,fbicons2.png,-255 -492
_2cw,fbicons2.png,-272 -492
_4_pa,fbicons2.png,-289 -492
_2cx,fbicons2.png,0 -509
_4_pb,fbicons2.png,-17 -509
_4_pc,fbicons2.png,-34 -509
_4_pd,fbicons2.png,-51 -509
_4_pe,fbicons2.png,-68 -509
_4_pf,fbicons2.png,-85 -509
_4_pg,fbicons2.png,-102 -509
_4_ph,fbicons2.png,-119 -509
_4_pi,fbicons2.png,-136 -509
_4_pj,fbicons2.png,-153 -509
_4_pk,fbicons2.png,-170 -509
_4_pl,fbicons2.png,-187 -509
_4_pm,fbicons2.png,-204 -509
_4_pn,fbicons2.png,-221 -509
_2cy,fbicons2.png,-238 -509
_2cz,fbicons2.png,-255 -509
_4_po,fbicons2.png,-272 -509
_4_pp,fbicons2.png,-289 -509
_4_pq,fbicons2.png,0 -526
_2c-,fbicons2.png,-17 -526
_4_pr,fbicons2.png,-34 -526
_4_ps,fbicons2.png,-51 -526
_4_pt,fbicons2.png,-68 -526
_4_pu,fbicons2.png,-85 -526
_4_pv,fbicons2.png,-102 -526
_4_pw,fbicons2.png,-119 -526
_4_px,fbicons2.png,-136 -526
_4_py,fbicons2.png,-153 -526
_4_pz,fbicons2.png,-170 -526
_4_p-,fbicons2.png,-187 -526
_4_p_,fbicons2.png,-204 -526
_4_q0,fbicons2.png,-221 -526
_4_q1,fbicons2.png,-238 -526
_4_q2,fbicons2.png,-255 -526
_4_q3,fbicons2.png,-272 -526
_4_q4,fbicons2.png,-289 -526
_4_q5,fbicons2.png,0 -543
_4_q6,fbicons2.png,-17 -543
_4_q7,fbicons2.png,-34 -543
_4_q8,fbicons2.png,-51 -543
_4_q9,fbicons2.png,-68 -543
_2c_,fbicons2.png,-85 -543
_2d0,fbicons2.png,-102 -543
_2d1,fbicons2.png,-119 -543
_2d2,fbicons2.png,-136 -543
_2d3,fbicons2.png,-153 -543
_2d4,fbicons2.png,-170 -543
_2d5,fbicons2.png,-187 -543
_2d6,fbicons2.png,-204 -543
_2d7,fbicons2.png,-221 -543
_2d8,fbicons2.png,-238 -543
_2d9,fbicons2.png,-255 -543
_2da,fbicons2.png,-272 -543
_2db,fbicons2.png,-289 -543
_2dc,fbicons2.png,0 -560
_2dd,fbicons2.png,-17 -560
_2de,fbicons2.png,-34 -560
_2df,fbicons2.png,-51 -560
_2dg,fbicons2.png,-68 -560
_2dh,fbicons2.png,-85 -560
_2di,fbicons2.png,-102 -560
_2dj,fbicons2.png,-119 -560
_2dk,fbicons2.png,-136 -560
_2dl,fbicons2.png,-153 -560
_2dm,fbicons2.png,-170 -560
_2dn,fbicons2.png,-187 -560
_2do,fbicons2.png,-204 -560
_2dp,fbicons2.png,-221 -560
_2dq,fbicons2.png,-238 -560
_491,fbicons2.png,-255 -560
_2dr,fbicons2.png,-272 -560
_2ds,fbicons2.png,-289 -560
_2dt,fbicons2.png,0 -577
_2du,fbicons2.png,-17 -577
_2dv,fbicons2.png,-34 -577
_2dw,fbicons2.png,-51 -577
_2dx,fbicons2.png,-68 -577
_2dy,fbicons2.png,-85 -577
_2dz,fbicons2.png,-102 -577
_2d-,fbicons2.png,-119 -577
_2d_,fbicons2.png,-136 -577
_2e0,fbicons2.png,-153 -577
_2e1,fbicons2.png,-170 -577
_2e2,fbicons2.png,-187 -577
_2e3,fbicons2.png,-204 -577
_2e4,fbicons2.png,-221 -577
_2e5,fbicons2.png,-238 -577
_2e6,fbicons2.png,-255 -577
_2e7,fbicons2.png,-272 -577
_2e8,fbicons2.png,-289 -577
_2e9,fbicons2.png,0 -594
_2ea,fbicons2.png,-17 -594
_4_qa,fbicons2.png,-34 -594
_4_qb,fbicons2.png,-51 -594
_4_qc,fbicons2.png,-68 -594
_4_qd,fbicons2.png,-85 -594
_4_qe,fbicons2.png,-102 -594
_4_qf,fbicons2.png,-119 -594
_4_qg,fbicons2.png,-136 -594
_4_qh,fbicons2.png,-153 -594
_4_qi,fbicons2.png,-170 -594
_4_qj,fbicons2.png,-187 -594
_4_qk,fbicons2.png,-204 -594
_4_ql,fbicons2.png,-221 -594
_2eb,fbicons2.png,-238 -594
_2ec,fbicons2.png,-255 -594
_2ed,fbicons2.png,-272 -594
_2ee,fbicons2.png,-289 -594
_2ef,fbicons2.png,0 -611
_2eg,fbicons2.png,-17 -611
_2eh,fbicons2.png,-34 -611
_2ei,fbicons2.png,-51 -611
_2ej,fbicons2.png,-68 -611
_2ek,fbicons2.png,-85 -611
_2el,fbicons2.png,-102 -611
_2em,fbicons2.png,-119 -611
_2en,fbicons2.png,-136 -611
_2eo,fbicons2.png,-153 -611
_2ep,fbicons2.png,-170 -611
_2eq,fbicons2.png,-187 -611
_2er,fbicons2.png,-204 -611
_2es,fbicons2.png,-221 -611
_2et,fbicons2.png,-238 -611
_2eu,fbicons2.png,-255 -611
_2ev,fbicons2.png,-272 -611
_2ew,fbicons2.png,-289 -611
_2ex,fbicons2.png,0 -628
_4_qm,fbicons2.png,-17 -628
_2ey,fbicons2.png,-34 -628
_4_qn,fbicons2.png,-51 -628
_4_qo,fbicons2.png,-68 -628
_4_qp,fbicons2.png,-85 -628
_2ez,fbicons2.png,-102 -628
_4_qq,fbicons2.png,-119 -628
_4_qr,fbicons2.png,-136 -628
_4_qs,fbicons2.png,-153 -628
_2e-,fbicons2.png,-170 -628
_2e_,fbicons2.png,-187 -628
_2f0,fbicons2.png,-204 -628
_4_qt,fbicons2.png,-221 -628
_2f1,fbicons2.png,-238 -628
_2f2,fbicons2.png,-255 -628
_2f3,fbicons2.png,-272 -628
_2f4,fbicons2.png,-289 -628
_2f5,fbicons2.png,0 -645
_2f6,fbicons2.png,-17 -645
_2f7,fbicons2.png,-34 -645
_2f8,fbicons2.png,-51 -645
_2f9,fbicons2.png,-68 -645
_2fa,fbicons2.png,-85 -645
_4_qu,fbicons2.png,-102 -645
_4_qv,fbicons2.png,-119 -645
_4_qw,fbicons2.png,-136 -645
_4_qx,fbicons2.png,-153 -645
_2fb,fbicons2.png,-170 -645
_4_qy,fbicons2.png,-187 -645
_2fc,fbicons2.png,-204 -645
_2fd,fbicons2.png,-221 -645
_4_qz,fbicons2.png,-238 -645
_2fe,fbicons2.png,-255 -645
_2ff,fbicons2.png,-272 -645
_2fg,fbicons2.png,-289 -645
_4_q-,fbicons2.png,0 -662
_4_q_,fbicons2.png,-17 -662
_4_r0,fbicons2.png,-34 -662
_4_r1,fbicons2.png,-51 -662
_4_r2,fbicons2.png,-68 -662
_2fh,fbicons2.png,-85 -662
_4_r3,fbicons2.png,-102 -662
_2fi,fbicons2.png,-119 -662
_2fj,fbicons2.png,-136 -662
_2fk,fbicons2.png,-153 -662
_2fl,fbicons2.png,-170 -662
_4_r4,fbicons2.png,-187 -662
_4_r5,fbicons2.png,-204 -662
_2fm,fbicons2.png,-221 -662
_2fn,fbicons2.png,-238 -662
_4_r6,fbicons2.png,-255 -662
_4_r7,fbicons2.png,-272 -662
_4_r8,fbicons2.png,-289 -662
_4_r9,fbicons2.png,0 -679
_4_ra,fbicons2.png,-17 -679
_4_rb,fbicons2.png,-34 -679
_4_rc,fbicons2.png,-51 -679
_4_rd,fbicons2.png,-68 -679
_4_re,fbicons2.png,-85 -679
_4_rf,fbicons2.png,-102 -679
_2fo,fbicons2.png,-119 -679
_2fp,fbicons2.png,-136 -679
_4_rg,fbicons2.png,-153 -679
_4_rh,fbicons2.png,-170 -679
_4_ri,fbicons2.png,-187 -679
_4_rj,fbicons2.png,-204 -679
_2fq,fbicons2.png,-221 -679
_4_rk,fbicons2.png,-238 -679
_4_rl,fbicons2.png,-255 -679
_4_rm,fbicons2.png,-272 -679
_4_rn,fbicons2.png,-289 -679
_4_ro,fbicons2.png,0 -696
_4_rp,fbicons2.png,-17 -696
_4_rq,fbicons2.png,-34 -696
_4_rr,fbicons2.png,-51 -696
_4_rs,fbicons2.png,-68 -696
_4_rt,fbicons2.png,-85 -696
_2fr,fbicons2.png,-102 -696
_4_ru,fbicons2.png,-119 -696
_492,fbicons2.png,-136 -696
_4_rv,fbicons2.png,-153 -696
_4_rw,fbicons2.png,-170 -696
_4_rx,fbicons2.png,-187 -696
_4_ry,fbicons2.png,-204 -696
_4_rz,fbicons2.png,-221 -696
_4_r-,fbicons2.png,-238 -696
_4_r_,fbicons2.png,-255 -696
_4_s0,fbicons2.png,-272 -696
_4_s1,fbicons2.png,-289 -696
_4_s2,fbicons2.png,0 -713
_4_s3,fbicons2.png,-17 -713
_4_s4,fbicons2.png,-34 -713
_4_s5,fbicons2.png,-51 -713
_4_s6,fbicons2.png,-68 -713
_4_s7,fbicons2.png,-85 -713
_2fs,fbicons2.png,-102 -713
_2ft,fbicons2.png,-119 -713
_2fu,fbicons2.png,-136 -713
_2fv,fbicons2.png,-153 -713
_2fw,fbicons2.png,-170 -713
_2fx,fbicons2.png,-187 -713
_2fy,fbicons2.png,-204 -713
_2fz,fbicons2.png,-221 -713
_2f-,fbicons2.png,-238 -713
_2f_,fbicons2.png,-255 -713
_2g0,fbicons2.png,-272 -713
_2g1,fbicons2.png,-289 -713
_2g2,fbicons2.png,0 -730
_2g3,fbicons2.png,-17 -730
_2g4,fbicons2.png,-34 -730
_2g5,fbicons2.png,-51 -730
_2g6,fbicons2.png,-68 -730
_2g7,fbicons2.png,-85 -730
_2g8,fbicons2.png,-102 -730
_2g9,fbicons2.png,-119 -730
_2ga,fbicons2.png,-136 -730
_2gb,fbicons2.png,-153 -730
_2gc,fbicons2.png,-170 -730
_2gd,fbicons2.png,-187 -730
_2ge,fbicons2.png,-204 -730
_2gf,fbicons2.png,-221 -730
_2gg,fbicons2.png,-238 -730
_2gh,fbicons2.png,-255 -730
_2gi,fbicons2.png,-272 -730
_2gj,fbicons2.png,-289 -730
_2gk,fbicons2.png,0 -747
_2gl,fbicons2.png,-17 -747
_2gm,fbicons2.png,-34 -747
_2gn,fbicons2.png,-51 -747
_2go,fbicons2.png,-68 -747
_2gp,fbicons2.png,-85 -747
_2gq,fbicons2.png,-102 -747
_2gr,fbicons2.png,-119 -747
_2gs,fbicons2.png,-136 -747
_2gt,fbicons2.png,-153 -747
_2gu,fbicons2.png,-170 -747
_2gv,fbicons2.png,-187 -747
_2gw,fbicons2.png,-204 -747
_2gx,fbicons2.png,-221 -747
_2gy,fbicons2.png,-238 -747
_2gz,fbicons2.png,-255 -747
_2g-,fbicons2.png,-272 -747
_2g_,fbicons2.png,-289 -747
_4_s8,fbicons2.png,0 -764
_4_s9,fbicons2.png,-17 -764
_4_sa,fbicons2.png,-34 -764
_4_sb,fbicons2.png,-51 -764
_4_sc,fbicons2.png,-68 -764
_4_sd,fbicons2.png,-85 -764
_4_se,fbicons2.png,-102 -764
_4_sf,fbicons2.png,-119 -764
_4_sg,fbicons2.png,-136 -764
_4_sh,fbicons2.png,-153 -764
_4_si,fbicons2.png,-170 -764
_4_sj,fbicons2.png,-187 -764
_4_sk,fbicons2.png,-204 -764
_4_sl,fbicons2.png,-221 -764
_4_sm,fbicons2.png,-238 -764
_4_sn,fbicons2.png,-255 -764
_4_so,fbicons2.png,-272 -764
_4_sp,fbicons2.png,-289 -764
_4_sq,fbicons2.png,0 -781
_4_sr,fbicons2.png,-17 -781
_4_ss,fbicons2.png,-34 -781
_4_st,fbicons2.png,-51 -781
_4_su,fbicons2.png,-68 -781
_4_sv,fbicons2.png,-85 -781
_4_sw,fbicons2.png,-102 -781
_4_sx,fbicons2.png,-119 -781
_4_sy,fbicons2.png,-136 -781
_4_sz,fbicons2.png,-153 -781
_4_s-,fbicons2.png,-238 -781
_4_s_,fbicons2.png,-255 -781
_4_t0,fbicons2.png,-272 -781
_4_t1,fbicons2.png,-289 -781
_4_t2,fbicons2.png,0 -798
_4_t3,fbicons2.png,-17 -798
_4_t4,fbicons2.png,-68 -798
_2h0,fbicons2.png,-119 -798
_2h1,fbicons2.png,-136 -798
_4_t5,fbicons2.png,-238 -798
_4_t6,fbicons2.png,-255 -798
_2h2,fbicons2.png,-272 -798
_4_t7,fbicons2.png,-289 -798
_4_t8,fbicons2.png,0 -815
_4_t9,fbicons2.png,-17 -815
_4_ta,fbicons2.png,-34 -815
_2h3,fbicons2.png,-51 -815
_4_tb,fbicons2.png,-68 -815
_4_tc,fbicons2.png,-85 -815
_4_td,fbicons2.png,-102 -815
_4_te,fbicons2.png,-119 -815
_4_tf,fbicons2.png,-136 -815
_4_tg,fbicons2.png,-153 -815
_4_th,fbicons2.png,-170 -815
_2h4,fbicons2.png,-238 -815
_2h5,fbicons2.png,-255 -815
_2h6,fbicons2.png,-272 -815
_4_ti,fbicons2.png,-51 -832
_4_tj,fbicons2.png,-68 -832
_4_tk,fbicons2.png,-170 -832
_4_tl,fbicons2.png,-187 -832
_4_tm,fbicons2.png,-238 -832
_4_tn,fbicons2.png,-255 -832
_4_to,fbicons2.png,-272 -832
_4_tp,fbicons2.png,-289 -832
_4_tq,fbicons2.png,0 -849
_4_tr,fbicons2.png,-17 -849
_4_ts,fbicons2.png,-34 -849
_4_tt,fbicons2.png,-51 -849
_4_tu,fbicons2.png,-170 -781
_4_tv,fbicons2.png,-187 -781
_4_tw,fbicons2.png,-204 -781
_4_tx,fbicons2.png,-221 -781
_2h7,fbicons2.png,-34 -798
_2h8,fbicons2.png,-51 -798
_2h9,fbicons2.png,-85 -798
_2ha,fbicons2.png,-102 -798
_4_ty,fbicons2.png,-153 -798
_4_tz,fbicons2.png,-170 -798
_4_t-,fbicons2.png,-187 -798
_4_t_,fbicons2.png,-204 -798
_4_u0,fbicons2.png,-221 -798
_4_u1,fbicons2.png,-187 -815
_4_u2,fbicons2.png,-204 -815
_4_u3,fbicons2.png,-221 -815
_4_u4,fbicons2.png,-289 -815
_2hb,fbicons2.png,0 -832
_4_u5,fbicons2.png,-17 -832
_4_u6,fbicons2.png,-34 -832
_4_u7,fbicons2.png,-85 -832
_4_u8,fbicons2.png,-102 -832
_4_u9,fbicons2.png,-119 -832
_4_ua,fbicons2.png,-136 -832
_2hc,fbicons2.png,-153 -832
_4_ub,fbicons2.png,-204 -832
_4_uc,fbicons2.png,-221 -832
_4_ud,fbicons2.png,-68 -849
_4_ue,fbicons2.png,-85 -849
